zoneid,tsfout,tsfin,tsfpair
0,1.6000000000000003,1.8000000000000005,1.7000000000000004
1,279.39999999999986,267.69999999999993,273.5499999999999
2,205.59999999999988,211.09999999999985,208.34999999999985
3,24.900000000000006,24.400000000000006,24.650000000000006
4,294.5999999999997,288.89999999999986,291.7499999999998
5,265.59999999999997,288.6999999999998,277.14999999999986
6,278.1999999999999,266.6999999999999,272.4499999999999
7,0.9999999999999999,1.6000000000000003,1.3
